{"cameraMode":{"drawMode":0,"name":"Shaded","section":"Shading Mode"},"sceneLighting":true,"audioPlay":false,"sceneViewState":{"m_AlwaysRefresh":false,"showFog":true,"showSkybox":true,"showFlares":true,"showImageEffects":true,"showParticleSystems":true,"showVisualEffectGraphs":true,"m_FxEnabled":true},"in2DMode":false,"pivot":{"x":3.1630778312683107,"y":-1.0883071422576905,"z":9.475377082824707},"rotation":{"x":0.019458303228020669,"y":0.06444311141967774,"z":-0.00125669757835567,"w":0.9977339506149292},"size":5.997589588165283,"orthographic":true}