{"cameraMode":{"drawMode":0,"name":"Shaded","section":"Shading Mode"},"sceneLighting":true,"audioPlay":false,"sceneViewState":{"m_AlwaysRefresh":false,"showFog":true,"showSkybox":true,"showFlares":true,"showImageEffects":true,"showParticleSystems":true,"showVisualEffectGraphs":true,"m_FxEnabled":true},"in2DMode":false,"pivot":{"x":-0.7836086750030518,"y":0.38588041067123415,"z":-0.9678506851196289},"rotation":{"x":0.019458303228020669,"y":0.06444311141967774,"z":-0.00125669757835567,"w":0.9977339506149292},"size":6.255489826202393,"orthographic":true}